hectares,rainfall,temperature,humidity,soil_type,crop,yield_tonnes
1.5,720,24.5,68,1,Maize,3.8
3.0,850,25.8,72,1,Maize,8.2
2.0,650,26.2,65,2,Soyabeans,2.9
4.5,920,23.9,75,1,Maize,11.5
1.8,480,29.5,55,2,Groundnuts,2.1
2.5,780,24.8,70,1,Maize,6.4
1.0,950,27.5,78,3,Cassava,8.5
3.2,580,28.1,62,2,Groundnuts,3.7
2.8,810,25.2,71,1,Soyabeans,4.1
5.0,880,24.0,74,1,Maize,13.2
1.2,420,30.5,52,2,Groundnuts,1.4
0.8,1100,28.0,80,3,Cassava,7.2
2.2,650,27.8,64,2,Sorghum,3.9
3.5,750,26.5,69,1,Sunflower,5.6
1.6,680,18.5,82,3,Potatoes,19.8
4.0,920,25.1,73,1,Maize,10.8
2.1,520,29.2,58,2,Groundnuts,2.6
1.9,850,26.8,76,1,Soyabeans,3.5
3.8,480,31.0,50,2,Sorghum,6.2
2.4,1050,27.5,79,3,Cassava,20.5